,SEASON,AGE,TEAM,LEAGUE,POS,G,MP,PER,TS%,3PAr,FTr,ORB%,DRB%,TRB%,AST%,STL%,BLK%,TOV%,USG%,OWS,DWS,WS,WS/48,OBPM,DBPM,BPM,VORP,Name,all_defensive
0,2002-03,23.0,TOT,NBA,PG-SG,46.0,688.0,9.3,0.436,0.23600000000000002,0.318,3.4,8.1,5.9,19.4,2.1,0.4,14.2,13.0,0.3,0.4,0.7,0.049,-2.3,0.6,-1.7,0.0,Mike Wilks,0
1,2002-03,23.0,MIA,NBA,SF,35.0,487.0,12.4,0.512,0.031,0.636,6.0,13.9,9.8,11.3,0.8,0.5,13.2,18.4,0.4,0.4,0.9,0.084,-1.5,-0.8,-2.3,0.0,Sean Lampley,0
2,2002-03,22.0,TOR,NBA,SF,51.0,666.0,6.8,0.46299999999999997,0.278,0.222,2.6,7.7,5.0,5.4,1.5,1.7,17.4,17.7,-0.8,0.2,-0.5,-0.039,-4.2,-1.7,-5.8,-0.7,Chris Jefferies,0
3,2002-03,29.0,ORL,NBA,C,62.0,783.0,8.3,0.415,0.024,0.196,8.1,13.4,10.7,4.9,1.3,2.3,12.8,21.1,-1.0,0.6,-0.3,-0.021,-4.9,-1.7,-6.6,-0.9,Pat Burke,0
4,2002-03,24.0,CHI,NBA,C,55.0,682.0,11.3,0.521,0.01,0.5,10.7,16.0,13.4,3.8,0.7,2.3,15.5,19.3,0.4,0.5,0.9,0.063,-4.0,-1.4,-5.4,-0.6,Lonny Baxter,0
5,2002-03,29.0,HOU,NBA,SG,58.0,685.0,7.3,0.42700000000000005,0.162,0.135,2.8,10.2,6.6,10.9,2.3,0.6,15.6,12.5,-0.3,0.7,0.4,0.027000000000000003,-3.8,1.6,-2.3,-0.1,Juaquin Hawkins,0
6,2002-03,22.0,LAL,NBA,PG,76.0,872.0,5.8,0.447,0.27899999999999997,0.094,3.3,8.9,6.1,11.7,0.6,0.9,19.9,16.1,-0.9,0.3,-0.6,-0.033,-3.7,-2.3,-6.0,-0.9,Kareem Rush,0
7,2002-03,22.0,MIL,NBA,PF,39.0,441.0,9.6,0.474,0.078,0.248,5.5,8.5,7.0,3.3,0.8,3.0,11.0,20.1,-0.1,0.1,0.0,-0.003,-3.6,-2.3,-5.9,-0.4,Marcus Haislip,0
8,2002-03,20.0,LAC,NBA,PF,46.0,479.0,12.5,0.528,0.0,0.35700000000000004,7.6,16.9,12.3,7.8,0.8,1.8,13.8,17.7,0.3,0.3,0.6,0.062,-2.0,-1.1,-3.2,-0.1,Chris Wilcox,0
9,2002-03,24.0,ATL,NBA,PG,50.0,515.0,9.9,0.504,0.359,0.153,2.1,7.2,4.8,28.3,1.4,0.3,22.6,20.9,-0.1,0.1,0.0,0.001,-2.7,-2.4,-5.1,-0.4,Dan Dickau,0
10,2002-03,22.0,DET,NBA,SF,42.0,435.0,11.7,0.546,0.39799999999999996,0.14400000000000002,1.3,11.1,6.1,9.9,1.3,2.4,14.3,16.2,0.2,0.6,0.8,0.084,-0.6,0.5,0.0,0.2,Tayshaun Prince,1
11,2002-03,23.0,TOT,NBA,PF,48.0,444.0,4.1,0.33899999999999997,0.0,0.325,8.6,16.8,12.7,3.7,1.0,3.0,14.4,16.2,-0.9,0.4,-0.5,-0.052000000000000005,-7.8,-1.5,-9.3,-0.8,Ryan Humphrey,0
12,2002-03,23.0,PHI,NBA,PG,64.0,504.0,9.5,0.502,0.267,0.302,3.7,10.2,6.9,14.3,1.8,0.9,18.1,14.3,0.2,0.4,0.6,0.057999999999999996,-1.9,0.6,-1.3,0.1,John Salmons,0
13,2002-03,22.0,NJN,NBA,SG,36.0,274.0,7.1,0.428,0.243,0.09699999999999999,3.3,9.6,6.5,8.6,2.7,0.8,15.7,21.0,-0.5,0.5,0.0,-0.004,-5.4,0.7,-4.7,-0.2,Tamar Slay,0
14,2002-03,21.0,POR,NBA,PF,53.0,334.0,11.2,0.505,0.076,0.16899999999999998,5.4,13.7,9.6,6.2,2.4,0.2,15.4,20.7,-0.1,0.4,0.2,0.034,-3.4,-0.7,-4.1,-0.2,Qyntel Woods,0
15,2002-03,22.0,TOT,NBA,SG,19.0,111.0,7.4,0.387,0.37799999999999995,0.10800000000000001,1.0,7.5,4.1,18.0,0.9,0.7,4.9,16.5,0.0,0.1,0.0,0.017,-4.1,-1.2,-5.2,-0.1,Adam Harrington,0
16,2001-02,23.0,MEM,NBA,SF,78.0,3097.0,13.9,0.518,0.287,0.294,6.5,8.6,7.5,11.9,2.1,1.8,12.5,18.2,2.7,2.1,4.8,0.07400000000000001,0.2,0.3,0.5,1.9,Shane Battier,1
17,2001-02,21.0,MEM,NBA,C,82.0,3007.0,19.5,0.5660000000000001,0.005,0.44799999999999995,8.8,18.2,13.5,13.8,0.7,3.9,15.0,22.6,4.8,2.8,7.6,0.121,1.5,0.2,1.7,2.8,Pau Gasol,0
18,2001-02,21.0,GSW,NBA,SG,80.0,2629.0,13.8,0.48700000000000004,0.226,0.193,4.9,9.0,6.9,15.4,2.0,0.8,11.9,21.5,2.0,0.9,2.9,0.052000000000000005,0.1,-1.0,-0.9,0.7,Jason Richardson,0
19,2001-02,23.0,IND,NBA,PG,80.0,2442.0,13.4,0.446,0.23,0.245,3.7,9.9,6.9,42.8,3.0,1.2,24.3,20.7,-1.3,2.9,1.7,0.033,-0.6,0.2,-0.4,1.0,Jamaal Tinsley,0
20,2001-02,19.0,SAS,NBA,PG,77.0,2267.0,11.7,0.49700000000000005,0.29600000000000004,0.25,1.7,8.0,5.0,23.9,2.1,0.2,17.5,17.7,0.8,2.9,3.8,0.08,-1.7,0.6,-1.1,0.6,Tony Parker,0
21,2001-02,22.0,CHI,NBA,SG,78.0,2237.0,10.4,0.502,0.263,0.182,3.3,10.2,6.7,13.0,1.3,1.5,13.0,16.0,0.6,0.9,1.5,0.033,-1.7,-1.0,-2.7,-0.4,Trenton Hassell,0
22,2001-02,20.0,UTA,NBA,SF,82.0,2151.0,18.8,0.5529999999999999,0.158,0.586,8.3,14.2,11.2,7.4,2.9,5.9,11.9,19.0,4.0,3.3,7.3,0.16399999999999998,1.8,1.9,3.7,3.1,Andrei Kirilenko,1
23,2001-02,19.0,HOU,NBA,PF,73.0,1896.0,13.8,0.456,0.41,0.129,7.0,18.2,12.5,4.8,0.5,4.8,6.3,18.4,1.0,1.4,2.4,0.061,-0.3,-0.6,-0.9,0.5,Eddie Griffin,0
24,2001-02,20.0,TOT,NBA,SG,77.0,1916.0,11.8,0.478,0.223,0.091,4.3,10.8,7.5,15.0,1.6,0.8,10.5,16.0,1.1,1.9,3.0,0.075,-1.2,0.5,-0.7,0.6,Joe Johnson,0
25,2001-02,20.0,GSW,NBA,PG,47.0,1155.0,17.0,0.562,0.294,0.41700000000000004,3.7,8.7,6.1,24.8,3.0,0.6,17.6,20.1,2.1,0.7,2.7,0.114,1.0,0.0,1.0,0.9,Gilbert Arenas,0
26,2001-02,21.0,NJN,NBA,SF,79.0,1917.0,13.4,0.524,0.095,0.44799999999999995,4.9,12.2,8.6,11.7,1.7,1.8,13.1,19.1,1.8,2.9,4.7,0.11699999999999999,-1.3,0.9,-0.4,0.8,Richard Jefferson,0
27,2001-02,23.0,PHI,NBA,PG,67.0,1528.0,12.6,0.469,0.073,0.301,3.5,8.4,5.9,21.9,3.4,0.3,15.7,18.2,0.4,2.4,2.8,0.087,-2.5,2.1,-0.4,0.6,Speedy Claxton,0
28,2001-02,23.0,UTA,NBA,C,70.0,1440.0,11.5,0.532,0.003,0.528,11.5,13.3,12.4,6.6,1.1,1.2,11.7,15.0,2.3,1.0,3.3,0.111,-2.1,-1.2,-3.3,-0.5,Jarron Collins,0
29,2001-02,22.0,WAS,NBA,C,62.0,1266.0,13.7,0.54,0.0,0.7240000000000001,13.0,16.6,14.8,3.5,0.9,5.3,14.6,12.4,1.7,1.4,3.1,0.11599999999999999,-1.7,0.5,-1.3,0.2,Brendan Haywood,0
30,2001-02,19.0,CHI,NBA,C,71.0,1389.0,13.0,0.5429999999999999,0.0,0.73,9.3,19.8,14.4,6.5,1.1,5.0,19.8,16.6,0.4,1.4,1.8,0.062,-3.3,-0.2,-3.5,-0.5,Tyson Chandler,1
31,2001-02,26.0,SEA,NBA,C,64.0,1174.0,12.7,0.49,0.005,0.17600000000000002,7.7,14.2,11.0,6.9,0.9,2.0,10.3,19.7,0.8,0.8,1.6,0.065,-2.0,-1.5,-3.4,-0.4,Predrag Drobnjak,0
32,2001-02,23.0,NJN,NBA,C,77.0,1407.0,10.7,0.5,0.006999999999999999,0.59,10.5,13.6,12.0,8.4,1.1,2.4,17.1,13.5,1.0,2.0,3.0,0.10400000000000001,-2.7,0.6,-2.1,0.0,Jason Collins,0
33,2001-02,21.0,GSW,NBA,PF,82.0,1448.0,10.3,0.488,0.021,0.369,7.1,17.0,11.9,7.6,1.3,1.0,14.6,16.7,0.7,0.7,1.4,0.046,-3.3,-1.0,-4.3,-0.8,Troy Murphy,0
34,2001-02,23.0,HOU,NBA,SF,68.0,1110.0,9.5,0.423,0.27,0.09699999999999999,7.8,14.0,10.9,9.5,1.0,1.7,13.0,14.5,-0.2,0.4,0.2,0.009000000000000001,-2.2,-1.1,-3.3,-0.4,Terence Morris,0
35,2001-02,19.0,CHI,NBA,C,72.0,1150.0,14.4,0.54,0.0,0.424,11.0,16.8,13.8,4.0,0.7,3.4,13.4,20.7,1.0,0.8,1.8,0.075,-2.4,-1.9,-4.4,-0.7,Eddy Curry,0
36,2001-02,20.0,DEN,NBA,PG,36.0,560.0,11.5,0.431,0.136,0.231,3.3,7.5,5.3,31.8,2.9,0.1,19.5,21.8,-0.5,0.3,-0.2,-0.013999999999999999,-2.5,-1.1,-3.5,-0.2,Kenny Satterfield,0
37,2001-02,22.0,SEA,NBA,PG,64.0,964.0,11.6,0.507,0.20800000000000002,0.17,3.9,6.2,5.1,18.8,3.4,0.4,18.3,13.4,0.7,0.8,1.5,0.076,-1.8,1.6,-0.2,0.4,Earl Watson,0
38,2001-02,19.0,WAS,NBA,PF,57.0,817.0,11.2,0.45,0.004,0.40700000000000003,8.9,19.4,14.1,8.4,1.1,2.4,13.0,18.6,0.0,0.8,0.8,0.048,-3.1,-0.9,-4.0,-0.4,Kwame Brown,0
39,2001-02,23.0,MEM,NBA,SG,62.0,872.0,8.8,0.442,0.489,0.221,1.5,7.2,4.3,17.8,2.1,0.6,14.6,22.1,-0.9,0.5,-0.5,-0.027000000000000003,-3.3,-1.1,-4.4,-0.5,Will Solomon,0
40,2001-02,23.0,WAS,NBA,C,47.0,618.0,15.7,0.5529999999999999,0.0,0.49,10.2,24.0,17.0,1.6,1.5,4.2,12.4,15.6,0.8,0.9,1.6,0.127,-1.2,0.0,-1.2,0.1,Etan Thomas,0
41,2001-02,22.0,HOU,NBA,SG,40.0,403.0,12.4,0.483,0.10400000000000001,0.243,3.4,8.6,6.0,29.5,2.6,0.5,23.9,19.3,-0.1,0.2,0.1,0.006,-2.3,-1.0,-3.3,-0.1,Tierre Brown,0
42,2001-02,22.0,TOT,NBA,PG,37.0,371.0,12.4,0.467,0.018000000000000002,0.162,3.5,9.0,6.2,31.2,1.6,0.2,16.2,17.2,0.2,0.1,0.4,0.047,-1.8,-1.1,-2.9,-0.1,Carlos Arroyo,0
43,2001-02,20.0,ORL,NBA,C,53.0,516.0,12.9,0.502,0.0,0.639,8.6,12.4,10.5,1.5,0.5,5.8,7.8,17.7,0.5,0.5,1.0,0.094,-3.7,-0.4,-4.0,-0.3,Steven Hunter,0
44,2001-02,23.0,MIN,NBA,C,60.0,516.0,9.9,0.449,0.021,0.625,10.4,16.8,13.7,5.8,1.7,4.9,22.7,13.9,-0.2,0.7,0.5,0.047,-3.7,1.2,-2.5,-0.1,Loren Woods,0
45,2001-02,20.0,PHO,NBA,PF,53.0,452.0,10.0,0.573,0.0,0.483,7.9,19.0,13.4,2.4,0.7,1.1,18.3,17.3,0.3,0.5,0.8,0.083,-5.6,-0.8,-6.4,-0.5,Alton Ford,0
46,2001-02,19.0,SAC,NBA,SF,54.0,430.0,13.3,0.44299999999999995,0.04,0.263,12.4,9.8,11.1,9.6,2.2,0.9,10.1,22.0,0.1,0.6,0.6,0.071,-2.0,-0.4,-2.4,0.0,Gerald Wallace,1
47,2001-02,22.0,TOT,NBA,PG,21.0,156.0,17.1,0.536,0.574,0.191,1.4,6.6,4.0,27.4,1.7,0.0,11.9,24.0,0.3,0.1,0.4,0.136,3.8,-0.2,3.6,0.2,Joe Crispin,0
48,2001-02,20.0,POR,NBA,PF,41.0,238.0,16.9,0.479,0.0,0.252,15.1,19.0,17.0,9.8,1.6,1.3,11.2,25.7,0.2,0.3,0.5,0.098,-1.3,-1.7,-3.0,-0.1,Zach Randolph,0
49,2001-02,21.0,NJN,NBA,SG,35.0,196.0,3.8,0.358,0.2,0.11800000000000001,5.7,3.5,4.6,6.5,1.9,0.4,8.2,22.3,-0.4,0.2,-0.2,-0.054000000000000006,-7.2,-1.5,-8.8,-0.3,Brandon Armstrong,0
50,2000-01,23.0,NJN,NBA,PF,68.0,2272.0,13.4,0.47200000000000003,0.013999999999999999,0.247,6.7,19.0,12.7,10.4,1.8,3.7,13.8,19.9,-0.4,2.5,2.1,0.044000000000000004,-2.1,0.4,-1.7,0.2,Kenyon Martin,0
51,2000-01,26.0,GSW,NBA,C,48.0,1410.0,16.1,0.534,0.045,0.37799999999999995,8.3,19.8,13.6,7.3,1.2,1.4,13.6,20.5,1.9,0.7,2.6,0.08900000000000001,-0.2,-1.4,-1.6,0.2,Marc Jackson,0
52,2000-01,20.0,ORL,NBA,SF,82.0,2390.0,13.2,0.541,0.431,0.151,3.0,12.4,7.6,9.7,1.1,0.6,9.7,18.5,3.3,1.9,5.3,0.106,0.7,-0.9,-0.2,1.0,Mike Miller,0
53,2000-01,19.0,LAC,NBA,SF,81.0,2133.0,14.7,0.518,0.03,0.37799999999999995,7.0,18.3,12.8,8.1,1.3,4.1,16.7,19.1,0.5,2.6,3.0,0.068,-1.3,0.8,-0.5,0.8,Darius Miles,0
54,2000-01,23.0,TOR,NBA,SG,80.0,1809.0,14.1,0.507,0.245,0.215,6.8,9.4,8.1,9.6,1.8,0.8,9.6,20.1,2.3,1.3,3.6,0.096,0.1,-0.8,-0.7,0.5,Morris Peterson,0
55,2000-01,22.0,GSW,NBA,SF,51.0,1147.0,11.1,0.434,0.011000000000000001,0.317,7.6,10.1,8.7,9.0,2.0,0.4,10.4,20.8,-0.1,0.3,0.2,0.008,-2.7,-1.8,-4.5,-0.7,Chris Porter,0
56,2000-01,22.0,CHI,NBA,PF,72.0,1580.0,11.0,0.47600000000000003,0.06,0.249,5.5,18.5,11.8,9.4,1.0,0.9,14.7,24.7,-1.3,0.6,-0.7,-0.022000000000000002,-3.3,-2.8,-6.1,-1.6,Marcus Fizer,0
57,2000-01,22.0,NJN,NBA,SF,77.0,1660.0,12.1,0.503,0.271,0.23600000000000002,2.8,11.9,7.2,15.1,2.7,0.6,17.1,20.8,-0.4,1.3,0.9,0.026000000000000002,-1.6,0.1,-1.6,0.2,Stephen Jackson,0
58,2000-01,23.0,TOT,NBA,PG,65.0,1382.0,11.6,0.484,0.08,0.262,3.5,8.4,5.9,8.0,1.7,0.3,10.5,23.2,0.3,0.5,0.8,0.027000000000000003,-2.4,-1.9,-4.3,-0.8,Courtney Alexander,0
59,2000-01,21.0,CLE,NBA,C,59.0,1166.0,12.6,0.5,0.003,0.322,10.6,17.3,13.9,2.4,0.9,3.3,15.2,20.4,0.3,1.0,1.3,0.053,-2.9,-1.3,-4.2,-0.7,Chris Mihm,0
60,2000-01,23.0,SEA,NBA,SF,78.0,1522.0,10.5,0.483,0.153,0.207,5.5,13.3,9.4,6.5,1.3,1.0,10.0,15.8,1.0,0.8,1.7,0.055,-1.8,-1.0,-2.8,-0.3,Desmond Mason,0
61,2000-01,21.0,CHI,NBA,PG,50.0,936.0,12.2,0.45799999999999996,0.27,0.23199999999999998,2.6,7.9,5.1,27.5,2.8,0.2,13.6,19.7,0.2,0.4,0.6,0.03,-1.7,-0.7,-2.4,-0.1,Khalid El-Amin,0
62,2000-01,20.0,LAC,NBA,SG,76.0,1358.0,16.5,0.516,0.28800000000000003,0.301,9.1,12.5,10.8,8.3,1.7,0.4,9.7,22.4,2.1,1.0,3.0,0.106,2.0,-1.1,0.8,0.9,Quentin Richardson,0
63,2000-01,25.0,BOS,NBA,C,64.0,1098.0,11.1,0.541,0.0,0.33,9.9,14.9,12.3,4.8,1.8,5.3,21.3,12.0,0.5,1.4,1.9,0.084,-4.2,1.1,-3.1,-0.3,Mark Blount,0
64,2000-01,20.0,CHI,NBA,PG,61.0,1050.0,8.5,0.442,0.385,0.11199999999999999,1.0,9.4,5.0,23.0,2.2,1.0,21.0,17.9,-1.3,0.4,-0.9,-0.043,-2.9,-1.5,-4.4,-0.6,Jamal Crawford,0
65,2000-01,20.0,ATL,NBA,SF,78.0,1313.0,8.4,0.46299999999999997,0.326,0.223,4.7,10.4,7.6,7.9,1.7,1.6,17.8,17.7,-0.9,0.9,0.0,0.0,-2.8,-0.8,-3.5,-0.5,DerMarr Johnson,0
66,2000-01,21.0,PHO,NBA,C,57.0,947.0,9.6,0.502,0.0,0.423,9.8,19.4,14.5,3.2,0.5,4.2,20.6,15.1,-0.3,1.6,1.3,0.067,-4.7,0.8,-4.0,-0.5,Jake Tsakalidis,0
67,2000-01,21.0,VAN,NBA,PF,80.0,1312.0,13.1,0.48700000000000004,0.012,0.41600000000000004,9.6,15.1,12.4,3.5,2.5,4.3,13.8,16.2,0.2,1.6,1.9,0.069,-2.9,0.9,-2.0,0.0,Stromile Swift,0
68,2000-01,20.0,LAC,NBA,PG,76.0,1237.0,12.6,0.509,0.221,0.494,0.8,7.3,4.1,23.7,1.8,0.6,17.6,20.0,0.8,0.7,1.4,0.055999999999999994,-1.5,-0.9,-2.5,-0.2,Keyon Dooling,0
69,2000-01,23.0,DET,NBA,PG,78.0,1268.0,9.0,0.45799999999999996,0.043,0.34299999999999997,2.2,9.1,5.6,26.8,2.0,0.1,23.2,20.5,-1.3,1.2,-0.1,-0.006,-4.5,-0.7,-5.2,-1.0,Mateen Cleaves,0
70,2000-01,26.0,LAL,NBA,PG,53.0,851.0,11.2,0.5670000000000001,0.626,0.14,1.3,7.0,4.2,12.4,1.4,0.2,12.6,14.2,1.3,0.2,1.6,0.08800000000000001,-0.3,-1.2,-1.6,0.1,Mike Penberthy,0
71,2000-01,22.0,CHH,NBA,C,74.0,1095.0,13.4,0.506,0.006999999999999999,0.535,10.8,19.9,15.4,4.2,0.9,5.2,15.4,16.7,0.6,2.0,2.6,0.114,-2.9,0.8,-2.2,0.0,Jamaal Magloire,0
72,2000-01,25.0,CHH,NBA,SF,42.0,469.0,11.7,0.529,0.006999999999999999,0.316,7.1,15.3,11.2,9.1,1.0,0.8,14.8,17.9,0.4,0.6,0.9,0.096,-2.5,-0.1,-2.6,-0.1,Lee Nailon,0
73,2000-01,22.0,MIA,NBA,PG,50.0,550.0,11.6,0.478,0.223,0.142,1.1,8.0,4.5,19.4,1.3,0.0,11.8,26.2,-0.2,0.6,0.4,0.035,-2.4,-0.9,-3.3,-0.2,Eddie House,0
74,2000-01,22.0,TOT,NBA,PG,55.0,595.0,13.6,0.542,0.055999999999999994,0.26899999999999996,7.0,7.6,7.3,11.6,2.2,0.5,16.3,21.0,0.4,0.5,0.9,0.07400000000000001,-1.6,-0.3,-1.9,0.0,Paul McPherson,0
75,2000-01,24.0,PHO,NBA,C,54.0,581.0,7.9,0.528,0.0,0.455,6.7,13.3,9.9,3.0,1.5,2.6,22.6,16.0,-0.3,0.9,0.6,0.052000000000000005,-5.8,1.1,-4.8,-0.4,Daniel Santiago,0
76,2000-01,25.0,LAL,NBA,PF,70.0,641.0,9.2,0.53,0.009000000000000001,0.327,13.2,13.6,13.4,5.4,0.7,0.9,17.3,10.9,0.8,0.3,1.1,0.085,-2.9,-1.6,-4.5,-0.4,Mark Madsen,0
77,2000-01,19.0,UTA,NBA,SG,40.0,293.0,4.3,0.413,0.132,0.418,3.9,7.9,5.9,9.6,1.8,0.6,20.6,21.3,-0.6,0.2,-0.4,-0.071,-6.0,-1.7,-7.7,-0.4,DeShawn Stevenson,0
78,1999-00,20.0,CHI,NBA,PF,81.0,2999.0,20.6,0.528,0.002,0.41,13.3,18.4,15.8,11.8,1.2,3.3,12.9,27.0,4.2,3.3,7.5,0.121,2.2,-0.9,1.3,2.5,Elton Brand,0
79,1999-00,20.0,LAC,NBA,SF,76.0,2767.0,16.8,0.521,0.16,0.41,6.2,18.2,12.0,20.2,1.7,2.3,17.6,23.5,1.7,1.5,3.2,0.055,0.8,-0.2,0.6,1.8,Lamar Odom,0
80,1999-00,22.0,HOU,NBA,PG,77.0,2776.0,18.4,0.5429999999999999,0.278,0.327,6.3,10.2,8.3,31.6,2.2,0.7,19.3,25.0,4.4,2.0,6.4,0.111,2.7,-0.6,2.0,2.8,Steve Francis,0
81,1999-00,20.0,CHI,NBA,SF,72.0,2238.0,13.4,0.491,0.252,0.368,3.2,13.1,8.1,17.7,2.9,1.3,15.8,21.4,-0.3,2.6,2.3,0.05,-1.1,0.9,-0.2,1.0,Metta World Peace,1
82,1999-00,22.0,MIN,NBA,SF,73.0,2171.0,15.4,0.5710000000000001,0.11699999999999999,0.24100000000000002,4.7,9.9,7.3,14.2,1.4,0.8,10.1,17.1,4.5,1.7,6.2,0.13699999999999998,1.0,-0.1,0.9,1.6,Wally Szczerbiak,0
83,1999-00,25.0,BOS,NBA,SG,72.0,1927.0,12.6,0.503,0.138,0.38299999999999995,7.2,15.2,11.0,13.4,3.1,0.6,16.2,13.0,1.8,2.1,3.9,0.098,-0.9,1.4,0.6,1.3,Adrian Griffin,0
84,1999-00,23.0,CLE,NBA,PG,82.0,2093.0,17.9,0.517,0.065,0.387,4.5,10.5,7.5,38.7,2.0,0.6,15.8,21.8,3.5,1.8,5.3,0.122,1.9,0.0,1.9,2.1,Andre Miller,0
85,1999-00,23.0,DEN,NBA,SF,81.0,2052.0,13.0,0.55,0.41,0.28,4.5,12.4,8.4,10.8,2.4,1.1,13.6,14.8,2.5,1.9,4.3,0.10099999999999999,-0.5,1.2,0.7,1.4,James Posey,0
86,1999-00,22.0,HOU,NBA,PF,72.0,1797.0,12.0,0.47700000000000004,0.23,0.39399999999999996,9.4,17.7,13.6,9.8,1.5,0.8,15.2,18.0,0.6,1.6,2.2,0.057999999999999996,-1.8,-0.8,-2.6,-0.3,Kenny Thomas,0
87,1999-00,21.0,PHO,NBA,SF,51.0,1260.0,17.1,0.511,0.047,0.18,9.5,19.7,14.7,9.1,1.5,3.0,9.1,19.6,1.7,2.4,4.1,0.158,0.3,0.9,1.3,1.0,Shawn Marion,0
88,1999-00,23.0,GSW,NBA,PG,75.0,1793.0,12.9,0.484,0.231,0.258,3.1,7.9,5.4,22.6,2.6,0.5,15.3,20.2,0.7,0.7,1.3,0.036000000000000004,-1.2,-0.5,-1.7,0.2,Vonteego Cummings,0
89,1999-00,24.0,MIA,NBA,PG,79.0,1859.0,11.0,0.442,0.045,0.244,3.1,9.0,6.2,31.7,2.7,0.2,23.5,18.5,-1.0,2.4,1.4,0.036000000000000004,-3.0,0.2,-2.7,-0.4,Anthony Carter,0
90,1999-00,22.0,ATL,NBA,PG,81.0,1888.0,13.9,0.49700000000000005,0.262,0.233,1.4,8.2,4.8,29.3,2.5,0.3,19.1,19.2,0.9,0.9,1.9,0.047,-0.4,-0.6,-1.0,0.5,Jason Terry,0
91,1999-00,25.0,ORL,NBA,PG,82.0,1626.0,14.4,0.489,0.22,0.179,1.3,7.1,4.2,30.9,1.6,0.1,15.1,24.3,1.1,1.3,2.4,0.07200000000000001,0.6,-1.4,-0.8,0.5,Chucky Atkins,0
92,1999-00,21.0,WAS,NBA,SG,71.0,1373.0,11.6,0.48200000000000004,0.127,0.22,3.1,7.7,5.4,13.7,1.1,0.3,11.2,24.2,0.4,0.3,0.7,0.024,-1.4,-2.2,-3.7,-0.6,Richard Hamilton,0
93,1999-00,23.0,DAL,NBA,SG,48.0,923.0,12.1,0.527,0.11199999999999999,0.27,6.6,13.7,10.1,8.6,2.1,1.5,12.1,14.2,1.0,0.8,1.8,0.094,-2.2,0.7,-1.5,0.1,Greg Buckner,0
94,1999-00,20.0,CHH,NBA,PG,82.0,1523.0,12.9,0.486,0.256,0.353,3.6,8.4,6.1,32.6,3.3,0.9,21.9,18.9,-0.1,2.2,2.1,0.065,-2.0,1.2,-0.8,0.5,Baron Davis,0
95,1999-00,20.0,ORL,NBA,SF,77.0,1370.0,14.1,0.5529999999999999,0.023,0.557,9.8,14.3,12.0,7.0,0.9,1.3,19.1,22.1,1.2,1.4,2.6,0.091,-1.5,-1.0,-2.5,-0.2,Corey Maggette,0
96,1999-00,23.0,CHH,NBA,SF,67.0,1112.0,16.4,0.569,0.01,0.166,5.6,12.8,9.3,5.2,2.2,1.6,8.6,18.3,1.5,1.5,3.0,0.13,0.4,0.2,0.6,0.7,Eddie Robinson,0
97,1999-00,23.0,CHI,NBA,PF,71.0,975.0,7.8,0.45,0.0,0.638,13.8,16.3,15.0,7.7,1.4,2.0,25.0,11.1,-0.4,1.0,0.6,0.032,-5.0,-0.4,-5.4,-0.8,Michael Ruffin,0
98,1999-00,24.0,DEN,NBA,PG,45.0,597.0,8.9,0.498,0.54,0.32299999999999995,2.2,7.4,4.7,26.8,1.3,0.2,22.9,13.4,0.3,0.2,0.5,0.040999999999999995,-2.4,-1.6,-4.0,-0.3,Chris Herren,0
99,1999-00,22.0,UTA,NBA,SG,74.0,896.0,6.6,0.441,0.21100000000000002,0.174,6.4,8.9,7.7,7.1,1.4,1.3,12.5,18.9,-0.5,0.9,0.3,0.018000000000000002,-4.5,-0.9,-5.5,-0.8,Quincy Lewis,0
100,1999-00,24.0,DEN,NBA,SF,52.0,589.0,11.8,0.467,0.077,0.45299999999999996,13.7,7.3,10.5,4.9,3.4,1.5,9.1,11.4,0.8,0.6,1.4,0.111,-1.7,1.5,-0.2,0.3,Ryan Bowen,0
101,1999-00,24.0,PHI,NBA,C,56.0,528.0,16.1,0.557,0.0,0.335,9.9,20.8,15.3,4.2,1.1,5.1,12.3,17.5,0.7,1.0,1.7,0.15,-1.6,1.6,0.0,0.3,Todd MacCulloch,0
102,1999-00,22.0,ATL,NBA,SF,46.0,423.0,10.0,0.46299999999999997,0.009000000000000001,0.33,5.7,16.3,11.0,5.2,1.7,1.4,13.8,16.0,-0.1,0.3,0.2,0.027000000000000003,-3.4,-0.3,-3.7,-0.2,Cal Bowdler,0
103,1999-00,23.0,UTA,NBA,PF,47.0,432.0,7.6,0.395,0.314,0.193,6.9,17.7,12.4,8.9,1.7,1.4,12.7,18.6,-0.5,0.6,0.1,0.013000000000000001,-4.0,-0.5,-4.5,-0.3,Scott Padgett,0
104,1999-00,24.0,VAN,NBA,PF,39.0,351.0,11.8,0.5379999999999999,0.0,0.727,11.5,19.9,15.7,3.7,1.4,0.8,18.3,18.4,0.2,0.2,0.5,0.063,-3.1,-1.7,-4.8,-0.2,Obinna Ekezie,0
105,1996-97,23.0,VAN,NBA,PF,82.0,1848.0,12.6,0.518,0.002,0.195,8.6,15.7,12.1,4.3,0.6,6.7,14.1,15.3,0.3,1.1,1.4,0.037000000000000005,-3.4,-0.3,-3.7,-0.8,Roy Rogers,0
106,1999-00,20.0,MIN,NBA,PG,59.0,484.0,6.7,0.391,0.348,0.19899999999999998,1.9,7.8,4.8,26.2,1.5,0.3,17.6,22.3,-0.8,0.3,-0.5,-0.046,-4.3,-2.0,-6.3,-0.5,William Avery,0
107,1999-00,21.0,VAN,NBA,PG,53.0,394.0,8.8,0.473,0.02,0.37799999999999995,5.1,10.4,7.7,19.7,2.7,0.0,27.8,18.3,-0.5,0.2,-0.3,-0.040999999999999995,-4.0,-0.4,-4.4,-0.2,Milt Palacio,0
108,1999-00,22.0,LAL,NBA,SF,49.0,345.0,12.1,0.478,0.326,0.285,9.1,14.1,11.6,5.5,1.5,0.8,11.5,23.3,0.1,0.6,0.7,0.09300000000000001,-2.5,-1.0,-3.5,-0.1,Devean George,0
109,1999-00,22.0,TOT,NBA,PF,22.0,132.0,7.1,,,,10.0,19.2,14.5,1.4,1.5,1.7,21.2,15.8,-0.1,0.2,0.0,0.004,-5.6,-1.4,-7.0,-0.2,Lari Ketner,0
110,1998-99,23.0,SAC,NBA,PG,50.0,1805.0,12.8,0.483,0.524,0.17,0.8,8.1,4.5,25.2,2.6,0.0,17.7,19.1,0.7,1.3,2.1,0.055,-0.6,-0.3,-1.0,0.5,Jason Williams,0
111,1998-99,22.0,TOR,NBA,SF,50.0,1760.0,19.6,0.516,0.086,0.35,6.1,12.6,9.3,17.2,1.7,3.3,11.1,25.6,3.6,1.4,5.0,0.136,3.1,-0.4,2.8,2.1,Vince Carter,0
112,1998-99,20.0,VAN,NBA,PG,50.0,1758.0,14.8,0.48700000000000004,0.122,0.27899999999999997,2.0,7.2,4.6,35.1,2.4,0.2,17.7,21.5,1.1,0.2,1.3,0.035,-0.2,-1.6,-1.8,0.1,Mike Bibby,0
113,1998-99,21.0,BOS,NBA,SF,48.0,1632.0,19.2,0.54,0.315,0.301,7.8,13.6,10.6,12.3,2.6,2.2,13.4,23.1,2.9,2.0,4.9,0.14400000000000002,3.4,0.3,3.7,2.3,Paul Pierce,0
114,1998-99,23.0,HOU,NBA,SG,50.0,1558.0,11.5,0.5539999999999999,0.355,0.156,2.1,4.0,3.1,10.4,0.9,0.5,11.8,16.9,2.0,0.2,2.2,0.069,-0.4,-1.7,-2.1,0.0,Michael Dickerson,0
115,1996-97,22.0,TOT,NBA,PF-C,41.0,624.0,11.1,0.405,0.08900000000000001,0.42700000000000005,15.3,26.3,20.6,6.6,1.4,1.8,14.3,16.2,-0.3,0.5,0.2,0.016,-3.5,-2.3,-5.8,-0.6,Jamie Feick,0
116,1998-99,23.0,HOU,NBA,PG,49.0,1456.0,12.2,0.537,0.365,0.272,1.9,6.7,4.5,13.7,1.6,1.1,14.8,17.2,1.6,0.8,2.3,0.077,-0.6,-0.4,-1.1,0.4,Cuttino Mobley,0
117,1998-99,23.0,LAC,NBA,C,45.0,1279.0,11.8,0.445,0.0,0.29600000000000004,10.5,23.2,16.5,3.4,1.1,3.2,15.9,19.0,-0.8,0.5,-0.3,-0.01,-2.9,-2.1,-5.0,-1.0,Michael Olowokandi,0
118,1998-99,23.0,LAC,NBA,SF,50.0,1288.0,17.0,0.5429999999999999,0.237,0.32799999999999996,4.9,11.5,8.0,11.3,3.2,1.2,10.3,18.2,2.7,0.4,3.1,0.11699999999999999,1.2,0.5,1.8,1.2,Tyrone Nesby,0
119,1998-99,22.0,GSW,NBA,SF,47.0,1058.0,16.6,0.48700000000000004,0.025,0.38799999999999996,12.9,17.6,15.2,5.9,1.9,1.1,12.8,22.2,0.9,1.4,2.3,0.105,0.4,-0.4,0.0,0.5,Antawn Jamison,0
120,1998-99,22.0,ORL,NBA,SF,50.0,1114.0,13.0,0.5329999999999999,0.078,0.447,9.0,13.4,11.2,7.1,1.5,0.4,16.0,18.6,1.2,1.5,2.6,0.113,-1.5,-0.3,-1.7,0.1,Matt Harpring,0
121,1998-99,20.0,DAL,NBA,PF,47.0,958.0,12.8,0.491,0.20199999999999999,0.381,4.8,14.3,9.5,8.4,1.6,2.0,15.7,22.3,0.1,0.7,0.8,0.04,-1.8,-0.7,-2.5,-0.1,Dirk Nowitzki,0
122,1998-99,20.0,PHI,NBA,PG,50.0,988.0,16.7,0.474,0.126,0.365,9.6,12.7,11.1,15.3,2.4,1.1,12.4,25.2,0.9,1.5,2.4,0.11699999999999999,1.3,0.2,1.5,0.9,Larry Hughes,1
123,1998-99,21.0,MIL,NBA,C,49.0,786.0,17.0,0.5479999999999999,0.005,0.39799999999999996,12.5,15.4,14.0,8.2,3.1,4.6,15.1,16.9,1.3,1.2,2.5,0.152,-0.8,1.7,0.9,0.6,Robert Traylor,0
124,1998-99,21.0,ORL,NBA,C,49.0,780.0,13.7,0.503,0.0,0.3,9.7,12.4,11.0,4.8,1.3,1.6,7.9,19.1,1.2,1.1,2.2,0.138,-2.2,-0.1,-2.3,0.0,Michael Doleac,0
125,1998-99,23.0,CHI,NBA,SG,42.0,624.0,5.1,0.37200000000000005,0.139,0.14800000000000002,1.4,8.2,4.6,20.2,1.8,0.9,16.7,20.8,-1.6,0.4,-1.2,-0.08900000000000001,-6.7,-1.5,-8.2,-1.0,Cory Carr,0
126,1998-99,23.0,DEN,NBA,C,28.0,409.0,11.3,0.483,0.013000000000000001,0.46299999999999997,9.9,17.5,13.6,4.0,1.3,5.4,17.9,13.0,0.1,0.2,0.2,0.028999999999999998,-3.0,0.0,-3.0,-0.1,Keon Clark,0
127,1998-99,22.0,TOT,NBA,PG,24.0,344.0,13.7,0.494,0.521,0.14300000000000002,1.9,12.8,7.2,20.1,2.0,0.0,11.8,18.5,0.4,0.3,0.7,0.095,0.4,0.1,0.5,0.2,Damon Jones,0
128,1998-99,22.0,PHO,NBA,PF,39.0,538.0,13.0,0.557,0.106,0.32899999999999996,5.5,10.8,8.1,5.7,0.8,0.4,9.3,18.4,0.9,0.2,1.1,0.10099999999999999,-1.1,-1.9,-3.0,-0.1,Pat Garrity,0
129,1998-99,22.0,SEA,NBA,C,23.0,313.0,11.3,0.445,0.024,0.32,9.8,17.9,13.8,6.9,1.7,5.5,18.3,25.3,-0.5,0.3,-0.1,-0.022000000000000002,-6.0,-0.2,-6.2,-0.3,Vladimir Stepania,0
130,1998-99,24.0,HOU,NBA,PG,34.0,441.0,6.6,0.445,0.38,0.062,0.9,7.2,4.2,19.0,1.5,0.6,19.0,17.4,-0.3,0.2,-0.1,-0.006999999999999999,-4.6,-0.9,-5.5,-0.4,Bryce Drew,0
131,1998-99,21.0,SEA,NBA,C,26.0,331.0,21.1,,,,9.3,18.3,13.8,2.2,1.8,4.5,9.6,14.3,1.1,0.3,1.4,0.201,2.0,0.5,2.5,0.4,Jelani McCoy,0
132,1998-99,22.0,CHH,NBA,C,38.0,469.0,21.2,0.6509999999999999,0.013999999999999999,0.7390000000000001,9.2,19.8,14.7,9.0,1.0,2.8,14.9,21.7,1.6,0.5,2.1,0.22,1.6,0.0,1.6,0.4,Brad Miller,0
133,1998-99,19.0,CHH,NBA,SG,46.0,557.0,12.9,0.462,0.06,0.295,8.9,8.9,8.9,19.2,2.9,0.9,19.3,23.8,-0.4,0.5,0.2,0.015,-1.6,-0.5,-2.1,0.0,Ricky Davis,0
134,1998-99,22.0,VAN,NBA,SF,30.0,331.0,9.0,0.419,0.052000000000000005,0.469,7.0,9.8,8.4,11.7,1.5,0.9,13.5,18.6,-0.2,0.0,-0.2,-0.025,-2.9,-1.9,-4.8,-0.2,J.R. Henderson,0
135,1998-99,20.0,CHI,NBA,PG,31.0,320.0,8.3,0.43799999999999994,0.12,0.342,5.3,9.7,7.4,6.3,1.9,1.9,13.5,22.9,-0.4,0.3,-0.2,-0.023,-5.1,-0.9,-6.0,-0.3,Corey Benjamin,0
136,1998-99,23.0,ATL,NBA,SF,34.0,348.0,11.3,0.44299999999999995,0.061,0.276,4.1,12.7,8.4,8.8,0.3,0.2,11.2,27.8,-0.1,0.4,0.3,0.035,-2.8,-2.0,-4.8,-0.2,Roshown McLeod,0
137,1998-99,22.0,TOT,NBA,PG,22.0,221.0,7.2,0.405,0.228,0.038,4.0,5.6,4.7,28.4,1.5,0.0,19.9,21.5,-0.4,0.1,-0.3,-0.07,-4.0,-2.4,-6.5,-0.3,Earl Boykins,0
138,1998-99,23.0,PHO,NBA,SG,27.0,249.0,11.3,0.425,0.057999999999999996,0.151,11.0,14.3,12.6,8.6,1.9,0.6,10.7,19.0,0.0,0.2,0.2,0.040999999999999995,-2.6,-1.6,-4.2,-0.1,Toby Bailey,0
139,1998-99,23.0,BOS,NBA,PG,24.0,205.0,6.5,0.426,0.451,0.392,1.6,10.2,5.8,13.0,1.3,0.4,16.7,15.6,-0.1,0.1,0.0,0.002,-4.0,-0.9,-4.9,-0.2,Marlon Garnett,0
140,1998-99,23.0,MIN,NBA,PF,35.0,284.0,14.5,0.505,0.052000000000000005,0.371,11.0,14.9,12.8,8.6,3.5,1.9,16.3,20.9,0.2,0.5,0.7,0.114,-3.3,1.4,-1.9,0.0,Andrae Patterson,0
141,1998-99,23.0,PHO,NBA,SG,33.0,236.0,7.3,0.42,0.11199999999999999,0.157,2.4,8.5,5.4,21.7,1.1,0.3,18.8,22.9,-0.4,0.1,-0.3,-0.06,-4.4,-2.4,-6.7,-0.3,Gerald Brown,0
142,1998-99,23.0,LAL,NBA,SF,24.0,144.0,14.3,0.503,0.11800000000000001,0.608,14.1,10.3,12.2,2.2,1.8,1.5,15.7,24.0,0.1,0.1,0.2,0.07,-1.5,-2.5,-4.1,-0.1,Ruben Patterson,0
143,1998-99,21.0,PHI,NBA,C,26.0,121.0,10.0,0.41,0.0,0.5,17.0,18.6,17.8,3.0,2.2,2.6,19.0,23.7,-0.2,0.2,0.0,0.013000000000000001,-5.8,-1.7,-7.5,-0.2,Nazr Mohammed,0
144,1997-98,21.0,SAS,NBA,PF,82.0,3204.0,22.6,0.5770000000000001,0.008,0.375,10.5,23.8,17.6,13.7,0.9,4.5,15.7,26.0,5.6,7.2,12.8,0.192,2.5,2.1,4.6,5.4,Tim Duncan,1
145,1997-98,22.0,NJN,NBA,PF,62.0,2325.0,15.7,0.516,0.214,0.29100000000000004,6.6,14.1,10.1,7.9,1.5,0.8,12.2,25.2,3.2,1.6,4.8,0.098,0.7,-1.6,-0.8,0.7,Keith Van Horn,0
146,1997-98,21.0,BOS,NBA,SG,80.0,2662.0,14.1,0.491,0.024,0.196,4.4,8.3,6.2,11.6,2.4,0.5,9.6,22.3,2.2,1.9,4.0,0.073,-0.7,-0.7,-1.4,0.4,Ron Mercer,0
147,1997-98,22.0,CLE,NBA,PG,80.0,2483.0,17.1,0.515,0.012,0.424,3.4,9.1,6.3,43.7,4.2,0.6,21.6,16.7,3.5,4.9,8.4,0.163,0.5,3.1,3.6,3.5,Brevin Knight,0
148,1986-87,21.0,TOT,NBA,PF,8.0,16.0,15.3,0.59,0.0,0.375,20.5,34.9,27.5,0.0,0.0,0.0,30.0,34.2,0.0,0.0,0.0,-0.015,-6.1,-2.5,-8.6,0.0,Cedric Henderson,0
149,1997-98,24.0,DEN,NBA,PG,68.0,2042.0,13.6,0.45299999999999996,0.102,0.231,4.4,13.3,8.7,29.5,2.8,0.4,17.4,23.5,-1.3,0.7,-0.6,-0.013999999999999999,-1.3,-1.3,-2.6,-0.3,Bobby Jackson,0
150,1997-98,23.0,SAC,NBA,PG,77.0,2266.0,8.6,0.43700000000000006,0.21,0.18100000000000002,2.4,6.0,4.2,22.3,1.5,0.2,15.4,15.2,-0.4,0.8,0.4,0.008,-3.3,-1.1,-4.4,-1.4,Anthony Johnson,0
151,1997-98,22.0,CLE,NBA,C,82.0,2379.0,19.7,0.564,0.005,0.345,14.6,22.6,18.6,5.7,1.2,4.3,12.6,22.4,4.5,4.9,9.4,0.18899999999999997,1.0,0.5,1.4,2.1,Zydrunas Ilgauskas,0
152,1997-98,23.0,CLE,NBA,SF,66.0,1839.0,15.3,0.531,0.14300000000000002,0.5379999999999999,3.7,8.7,6.2,21.3,2.5,0.5,15.0,21.4,2.6,2.8,5.3,0.139,0.3,1.4,1.7,1.7,Derek Anderson,0
153,1997-98,21.0,TOT,NBA,PG,80.0,2216.0,13.6,0.516,0.434,0.355,3.0,7.1,5.0,22.6,2.5,0.1,16.7,20.4,2.1,0.9,3.0,0.065,0.2,-1.4,-1.2,0.5,Chauncey Billups,1
154,1997-98,22.0,VAN,NBA,SG,74.0,1956.0,9.9,0.465,0.095,0.31,1.3,7.1,4.2,26.6,1.5,0.4,20.8,17.9,-0.9,-0.4,-1.3,-0.032,-2.4,-2.6,-5.0,-1.5,Antonio Daniels,0
155,1997-98,23.0,DEN,NBA,SG,66.0,1539.0,9.6,0.478,0.275,0.16699999999999998,3.5,6.3,4.9,9.3,1.8,1.2,11.9,17.9,-0.1,-0.2,-0.3,-0.008,-2.3,-1.7,-4.1,-0.8,Eric Washington,0
156,1997-98,21.0,DEN,NBA,PF,65.0,1506.0,13.3,0.47700000000000004,0.027000000000000003,0.198,10.5,17.2,13.7,7.6,1.9,3.4,14.7,20.2,-0.3,0.8,0.5,0.015,-2.5,-1.3,-3.9,-0.7,Tony Battie,0
157,1997-98,20.0,PHI,NBA,SF,77.0,1779.0,14.9,0.5379999999999999,0.25,0.33799999999999997,6.9,11.8,9.3,9.3,1.6,0.7,13.1,22.8,2.1,1.3,3.4,0.091,0.7,-1.2,-0.5,0.7,Tim Thomas,0
158,1997-98,21.0,DEN,NBA,PF,80.0,1811.0,14.3,0.537,0.005,0.555,11.5,17.8,14.6,8.0,1.3,1.2,17.1,23.1,1.5,0.4,1.9,0.051,-2.5,-2.5,-5.0,-1.4,Danny Fortson,0
159,1997-98,22.0,SAC,NBA,C,81.0,1761.0,12.9,0.486,0.0,0.44,12.2,21.9,16.9,5.2,0.9,7.5,18.1,11.9,0.4,2.6,3.0,0.081,-3.3,1.9,-1.4,0.3,Michael Stewart,0
160,1997-98,21.0,LAC,NBA,PF,71.0,1513.0,16.1,0.521,0.001,0.361,8.8,13.5,11.1,6.6,1.2,1.8,12.0,26.1,1.5,0.3,1.8,0.057,-1.5,-2.4,-3.8,-0.7,Maurice Taylor,0
161,1997-98,27.0,SAC,NBA,PF,52.0,1094.0,16.2,0.534,0.018000000000000002,0.415,8.0,16.0,11.9,10.0,0.9,0.9,11.8,21.3,1.4,0.7,2.1,0.092,0.9,-1.5,-0.5,0.4,Lawrence Funderburke,0
162,1997-98,23.0,TOT,NBA,SG,54.0,1071.0,10.3,0.504,0.099,0.319,2.6,6.0,4.4,15.7,1.9,0.2,15.3,16.0,0.5,0.8,1.3,0.059000000000000004,-2.6,0.0,-2.6,-0.2,Alvin Williams,0
163,1997-98,24.0,HOU,NBA,SF,58.0,1070.0,7.7,0.439,0.026000000000000002,0.59,3.1,4.6,3.9,16.1,3.1,0.7,20.2,20.4,-1.5,0.6,-0.9,-0.04,-5.1,-0.4,-5.5,-0.9,Rodrick Rhodes,0
164,1997-98,18.0,TOR,NBA,SF,64.0,1179.0,17.4,0.505,0.10300000000000001,0.27899999999999997,9.6,16.2,12.8,14.0,2.2,3.6,12.9,19.1,1.3,0.7,2.0,0.081,1.3,-0.7,0.6,0.8,Tracy McGrady,0
165,1997-98,23.0,DAL,NBA,C,41.0,680.0,13.2,0.455,0.069,0.32,8.5,17.4,12.8,8.7,2.4,2.8,13.5,20.5,-0.2,0.9,0.6,0.044000000000000004,-3.4,0.6,-2.8,-0.1,Chris Anstey,0
166,1997-98,25.0,POR,NBA,PG,38.0,622.0,9.6,0.48100000000000004,0.433,0.44,2.7,7.6,5.2,24.8,2.1,0.4,23.6,16.0,-0.1,0.7,0.6,0.048,-2.4,0.0,-2.4,-0.1,Rick Brunson,0
167,1997-98,23.0,SAC,NBA,SG,59.0,959.0,10.1,0.456,0.053,0.35,5.0,8.6,6.7,8.9,1.9,0.9,13.6,22.1,-0.8,0.6,-0.2,-0.008,-3.6,-1.2,-4.8,-0.7,Tariq Abdul-Wahad,0
168,1997-98,23.0,MIL,NBA,PF,38.0,530.0,11.8,0.49700000000000005,0.348,0.262,6.2,15.3,10.7,11.1,2.0,0.8,16.6,25.4,-0.2,0.5,0.3,0.028999999999999998,-2.2,-0.7,-2.9,-0.1,Jerald Honeycutt,0
169,1997-98,23.0,POR,NBA,C,74.0,1007.0,13.3,0.496,0.013000000000000001,0.546,10.9,17.9,14.6,3.6,1.5,6.8,13.4,14.7,0.7,2.0,2.7,0.129,-3.2,2.6,-0.6,0.4,Kelvin Cato,0
170,1997-98,21.0,LAC,NBA,C,58.0,740.0,14.0,0.48200000000000004,0.0,0.37200000000000005,9.6,16.3,12.9,4.2,0.8,7.3,13.6,16.7,0.1,0.5,0.6,0.040999999999999995,-2.3,0.4,-1.9,0.0,Keith Closs,0
171,1997-98,25.0,TOT,NBA,PG,35.0,430.0,8.9,0.47700000000000004,0.01,0.7140000000000001,2.3,8.2,5.2,24.3,1.6,0.0,25.5,18.4,-0.4,0.2,-0.1,-0.013999999999999999,-3.8,-0.6,-4.4,-0.3,Kevin Ollie,0
172,1997-98,22.0,GSW,NBA,C,55.0,656.0,9.2,,,,11.5,18.6,15.0,3.5,1.0,5.4,,16.4,-1.0,0.9,-0.1,-0.009000000000000001,-5.9,0.5,-5.3,-0.6,Adonal Foyle,0
173,1997-98,23.0,DAL,NBA,SG,39.0,395.0,11.1,0.474,0.052000000000000005,0.371,6.1,13.2,9.6,14.3,2.0,0.7,18.7,19.2,-0.2,0.3,0.1,0.013000000000000001,-3.1,-0.5,-3.5,-0.2,Bubba Wells,0
174,1997-98,22.0,TOT,NBA,PF,54.0,535.0,9.1,0.552,0.0,0.478,9.7,13.5,11.5,4.9,2.1,1.7,25.2,14.8,0.0,0.4,0.4,0.034,-4.7,-0.5,-5.2,-0.4,John Thomas,0
175,1997-98,28.0,CHH,NBA,SF,39.0,365.0,13.7,0.488,0.008,0.387,17.7,12.8,15.2,9.2,2.6,1.0,17.7,21.4,0.1,0.4,0.5,0.065,-2.3,-0.9,-3.2,-0.1,Travis Williams,0
176,1997-98,22.0,UTA,NBA,PG,45.0,419.0,6.9,0.457,0.066,0.557,1.3,9.5,5.6,30.8,1.2,0.2,26.9,23.0,-0.6,0.2,-0.4,-0.048,-5.1,-2.4,-7.6,-0.6,Jacque Vaughn,0
177,1988-89,23.0,LAC,NBA,PF,71.0,2161.0,15.6,0.55,0.003,0.44799999999999995,8.6,14.4,11.5,6.9,1.4,2.3,12.2,21.8,2.4,1.6,4.0,0.08900000000000001,-0.8,-0.9,-1.7,0.2,Charles Smith,0
178,1997-98,22.0,TOR,NBA,PG,38.0,293.0,5.6,0.363,0.2,0.1,2.6,6.8,4.6,23.1,3.7,0.9,25.5,14.7,-0.5,0.1,-0.4,-0.069,-6.9,-0.2,-7.1,-0.4,Chris Garner,0
179,1997-98,22.0,ATL,NBA,PF,40.0,256.0,20.4,0.536,0.027000000000000003,0.618,9.5,9.3,9.4,6.4,2.6,1.9,11.4,28.6,0.6,0.3,0.9,0.17,0.9,-0.7,0.3,0.1,Chris Crawford,0
180,1997-98,22.0,PHI,NBA,SG,37.0,196.0,14.0,0.501,0.444,0.317,4.7,10.6,7.6,16.4,3.0,1.1,13.3,19.0,0.2,0.2,0.4,0.08800000000000001,0.0,1.0,1.0,0.1,Anthony Parker,0
181,1996-97,21.0,PHI,NBA,PG,76.0,3045.0,18.0,0.513,0.303,0.36200000000000004,4.0,7.2,5.6,33.6,2.6,0.6,16.2,28.9,3.1,1.0,4.1,0.065,2.5,-1.6,0.9,2.2,Allen Iverson,0
182,1996-97,22.0,NJN,NBA,SG,82.0,3012.0,16.0,0.523,0.35200000000000004,0.191,3.6,8.1,5.7,14.0,2.7,0.9,9.0,20.1,5.1,1.8,6.9,0.11,1.4,0.4,1.8,2.9,Kerry Kittles,0
183,1996-97,20.0,BOS,NBA,PF,82.0,2970.0,15.5,0.474,0.11699999999999999,0.27,10.4,19.0,14.4,15.3,1.8,1.3,13.2,25.2,0.0,1.7,1.7,0.027000000000000003,-0.3,-1.8,-2.1,-0.1,Antoine Walker,0
184,1996-97,20.0,VAN,NBA,PF,80.0,2802.0,17.4,0.518,0.022000000000000002,0.428,8.8,14.2,11.5,12.1,1.5,2.2,13.5,27.6,1.7,1.2,2.9,0.049,0.3,-2.1,-1.8,0.2,Shareef Abdur-Rahim,0
185,1996-97,19.0,MIN,NBA,PG,67.0,2324.0,16.1,0.519,0.331,0.387,2.8,6.6,4.7,38.1,1.5,0.6,17.1,24.2,2.5,1.2,3.7,0.077,2.2,-2.3,0.0,1.2,Stephon Marbury,0
186,1996-97,21.0,MIL,NBA,SG,82.0,2532.0,14.6,0.541,0.32799999999999996,0.27399999999999997,4.7,11.0,7.9,13.9,1.6,0.3,12.8,21.4,3.3,1.5,4.9,0.092,0.8,-0.9,-0.1,1.2,Ray Allen,0
187,1996-97,22.0,TOR,NBA,C,63.0,1897.0,17.8,0.523,0.018000000000000002,0.33899999999999997,7.9,16.7,12.2,9.6,1.8,5.5,13.0,24.3,1.4,2.3,3.7,0.095,-0.7,0.6,-0.1,0.9,Marcus Camby,1
188,1996-97,25.0,HOU,NBA,PG,82.0,2386.0,12.3,0.585,0.62,0.151,1.0,6.5,3.9,19.5,1.8,0.0,15.7,14.8,3.2,2.1,5.3,0.107,0.1,0.0,0.1,1.3,Matt Maloney,0
189,1996-97,21.0,LAC,NBA,C,77.0,1936.0,12.5,0.504,0.008,0.305,12.0,16.6,14.2,4.0,1.3,2.4,12.4,14.7,1.5,1.7,3.2,0.079,-2.0,-1.0,-3.0,-0.5,Lorenzen Wright,0
190,1996-97,30.0,MIN,NBA,C,68.0,1665.0,17.7,0.603,0.0,0.355,10.7,24.4,17.6,3.8,1.3,4.3,7.0,13.3,3.7,2.5,6.2,0.179,0.4,0.6,1.0,1.3,Dean Garrett,0
191,1996-97,22.0,VAN,NBA,SG,41.0,681.0,9.4,0.486,0.489,0.14300000000000002,3.9,8.3,6.1,15.6,2.2,1.0,14.9,15.5,0.0,0.2,0.2,0.017,-2.8,-0.6,-3.3,-0.2,Chris Robinson,0
192,1996-97,23.0,UTA,NBA,SG,65.0,1066.0,10.4,0.534,0.14800000000000002,0.311,6.5,14.0,10.5,7.1,1.4,0.6,16.8,18.9,0.1,1.2,1.2,0.055999999999999994,-2.3,-1.4,-3.6,-0.4,Shandon Anderson,0
193,1996-97,22.0,LAL,NBA,C,71.0,1156.0,14.1,0.536,0.0,0.364,13.0,18.5,15.7,5.3,1.4,3.8,13.3,14.3,1.4,1.8,3.3,0.13699999999999998,-2.2,0.4,-1.8,0.1,Travis Knight,0
194,1996-97,18.0,LAL,NBA,SG,71.0,1103.0,14.4,0.544,0.322,0.39299999999999996,4.9,8.7,6.8,13.8,2.3,1.6,18.5,24.7,0.5,1.3,1.8,0.079,-0.2,0.1,-0.1,0.5,Kobe Bryant,1
195,1996-97,21.0,CLE,NBA,C,80.0,1238.0,9.5,0.486,0.005,0.29600000000000004,10.9,12.0,11.4,6.1,1.2,2.5,18.6,23.7,-1.2,1.7,0.5,0.02,-5.9,-0.7,-6.6,-1.4,Vitaly Potapenko,0
196,1996-97,21.0,HOU,NBA,PG,64.0,981.0,8.3,0.48700000000000004,0.096,0.284,4.0,7.0,5.6,23.8,2.1,0.9,28.4,16.7,-0.8,1.1,0.3,0.012,-3.9,0.3,-3.7,-0.4,Randy Livingston,0
197,1996-97,22.0,TOT,NBA,PF-C,41.0,624.0,11.1,0.405,0.08900000000000001,0.42700000000000005,15.3,26.3,20.6,6.6,1.4,1.8,14.3,16.2,-0.3,0.5,0.2,0.016,-3.5,-2.3,-5.8,-0.6,Jamie Feick,0
198,1996-97,23.0,HOU,NBA,PF,57.0,860.0,10.8,0.57,0.015,0.397,10.6,15.8,13.3,3.3,0.7,1.9,19.2,15.7,0.4,1.0,1.4,0.079,-3.8,-0.9,-4.7,-0.6,Othella Harrington,0
199,1996-97,21.0,IND,NBA,C,72.0,1052.0,11.8,0.451,0.003,0.5,11.1,22.1,16.7,6.9,1.0,5.6,17.0,21.7,-1.0,1.9,0.9,0.04,-4.4,0.7,-3.7,-0.4,Erick Dampier,0
200,1996-97,23.0,CHH,NBA,PG,61.0,867.0,14.2,0.596,0.43799999999999994,0.19899999999999998,4.5,9.2,6.9,18.5,2.3,0.5,19.6,18.8,1.0,0.6,1.6,0.087,0.9,-0.6,0.3,0.5,Tony Delk,0
201,1996-97,20.0,DAL,NBA,PF,43.0,602.0,12.2,0.48700000000000004,0.005,0.396,8.9,19.6,14.2,4.9,1.3,2.9,15.1,19.7,-0.2,0.7,0.5,0.037000000000000005,-3.9,-0.6,-4.4,-0.4,Samaki Walker,0
202,1996-97,22.0,GSW,NBA,C,75.0,949.0,10.4,0.483,0.0,0.414,13.5,17.7,15.6,4.0,0.6,1.6,14.2,17.2,0.4,0.3,0.7,0.034,-3.4,-2.4,-5.8,-0.9,Todd Fuller,0
203,2010-11,20.0,WAS,NBA,PG,69.0,2606.0,15.8,0.494,0.11800000000000001,0.40399999999999997,1.5,12.8,6.9,36.0,2.4,1.0,18.6,23.8,0.3,1.9,2.2,0.040999999999999995,0.0,-0.8,-0.8,0.8,John Wallace,0
204,1996-97,22.0,LAL,NBA,PG,80.0,921.0,11.0,0.491,0.27899999999999997,0.45799999999999996,3.1,8.8,6.0,20.1,2.3,0.4,18.4,18.8,0.0,1.0,1.1,0.055999999999999994,-2.9,0.2,-2.7,-0.1,Derek Fisher,0
205,1996-97,22.0,PHO,NBA,PG,65.0,684.0,10.8,0.539,0.314,0.29100000000000004,2.8,8.0,5.4,29.5,1.5,0.0,24.2,17.1,0.4,0.3,0.7,0.047,-2.0,-1.1,-3.1,-0.2,Steve Nash,0
206,1996-97,24.0,GSW,NBA,PF,57.0,592.0,11.1,0.442,0.027999999999999997,0.256,12.8,19.9,16.3,4.0,1.3,2.6,10.3,16.8,0.1,0.4,0.4,0.036000000000000004,-3.3,-1.5,-4.8,-0.4,Ray Owes,0
207,1996-97,18.0,POR,NBA,PF,45.0,458.0,13.7,0.494,0.006999999999999999,0.51,10.4,21.4,16.0,2.9,0.2,4.4,12.6,21.1,0.1,0.7,0.8,0.087,-2.5,-0.9,-3.5,-0.2,Jermaine O'Neal,0
208,1996-97,22.0,CHH,NBA,PF,54.0,525.0,13.7,0.515,0.016,0.484,16.7,21.0,18.9,9.6,2.9,2.4,20.9,17.6,0.3,0.8,1.1,0.1,-3.6,0.3,-3.3,-0.2,Malik Rose,0
209,1996-97,28.0,BOS,NBA,C,70.0,662.0,8.8,0.517,0.008,0.504,9.0,20.5,14.3,3.7,1.2,3.6,21.7,12.2,0.0,0.5,0.4,0.031,-5.4,-0.6,-6.0,-0.7,Brett Szabo,0
210,1996-97,23.0,TOT,NBA,SF,36.0,318.0,8.5,0.536,0.0,0.565,10.5,9.6,10.0,6.9,1.5,1.7,22.1,14.0,0.0,0.1,0.1,0.018000000000000002,-4.3,-0.2,-4.5,-0.2,Darvin Ham,0
211,1996-97,23.0,BOS,NBA,C,35.0,268.0,8.9,0.545,0.035,0.509,6.8,20.0,12.9,4.0,0.4,1.1,15.7,13.3,0.1,0.1,0.2,0.031,-4.3,-2.2,-6.5,-0.3,Steve Hamer,0
212,1996-97,28.0,PHI,NBA,C,36.0,251.0,9.6,0.46299999999999997,0.0,0.22399999999999998,11.0,18.7,14.8,4.2,1.0,1.4,12.4,12.2,0.1,0.1,0.2,0.044000000000000004,-3.5,-1.1,-4.6,-0.2,Mark Bradtke,0
213,1996-97,26.0,MIN,NBA,PG,43.0,236.0,5.0,0.37799999999999995,0.67,0.052000000000000005,1.0,8.0,4.5,22.1,0.7,1.0,14.6,22.5,-0.5,0.1,-0.4,-0.086,-4.0,-2.8,-6.8,-0.3,Shane Heal,0
214,1996-97,22.0,NYK,NBA,PF,35.0,192.0,6.4,0.431,0.20600000000000002,0.20600000000000002,5.2,9.1,7.2,11.5,1.9,3.8,18.6,21.9,-0.4,0.3,0.0,-0.006999999999999999,-6.4,1.9,-4.5,-0.1,Walter McCarty,0
215,1996-97,23.0,ATL,NBA,C,35.0,180.0,13.6,0.56,0.011000000000000001,0.258,10.8,17.5,14.2,15.2,0.3,3.9,27.2,35.7,-0.5,0.3,-0.2,-0.048,-8.0,-0.8,-8.8,-0.3,Priest Lauderdale,0
216,1995-96,22.0,TOR,NBA,PG,70.0,2865.0,16.7,0.528,0.298,0.262,2.4,9.3,5.8,37.4,1.8,0.5,17.5,23.5,3.7,0.6,4.3,0.07200000000000001,2.5,-2.4,0.1,1.6,Damon Stoudamire,0
217,1995-96,22.0,PHO,NBA,SF,82.0,3212.0,14.0,0.551,0.191,0.331,5.1,8.3,6.7,13.9,1.4,0.7,10.6,17.3,5.0,1.3,6.3,0.095,0.6,-0.8,-0.2,1.5,Michael Finley,0
218,1995-96,21.0,PHI,NBA,SG,72.0,2701.0,14.8,0.525,0.268,0.475,3.7,7.7,5.7,19.0,1.5,2.1,16.0,26.0,0.8,0.4,1.2,0.021,0.7,-1.7,-1.0,0.7,Jerry Stackhouse,0
219,1995-96,20.0,GSW,NBA,PF,82.0,2821.0,17.2,0.523,0.027000000000000003,0.38299999999999995,12.1,17.2,14.6,4.6,1.5,3.4,10.3,20.6,4.1,2.7,6.8,0.11599999999999999,0.3,-1.0,-0.7,0.9,Joe Smith,0
220,1995-96,22.0,VAN,NBA,C,77.0,2460.0,13.4,0.506,0.003,0.341,8.2,19.4,13.6,8.3,0.9,1.7,13.5,21.6,0.0,2.3,2.3,0.045,-2.4,-1.2,-3.7,-1.0,Bryant Reeves,0
221,1995-96,22.0,SAC,NBA,PG,80.0,2481.0,12.7,0.505,0.195,0.341,2.9,6.5,4.7,31.5,1.8,0.1,18.4,18.5,2.0,1.2,3.3,0.064,-0.5,-1.3,-1.8,0.1,Tyus Edney,0
222,1995-96,21.0,DEN,NBA,PF,76.0,2280.0,15.6,0.516,0.005,0.276,11.6,17.4,14.5,5.8,1.2,3.6,13.5,22.4,0.9,2.7,3.6,0.075,-1.4,-0.5,-1.9,0.0,Antonio McDyess,0
223,1995-96,19.0,MIN,NBA,SF,80.0,2293.0,15.8,0.522,0.038,0.203,9.1,17.0,13.1,10.6,1.9,4.4,12.1,17.6,1.8,2.6,4.4,0.092,0.1,0.9,1.0,1.7,Kevin Garnett,1
224,1995-96,21.0,WSB,NBA,PF,65.0,1788.0,11.8,0.53,0.145,0.212,6.2,13.6,10.0,7.3,1.2,2.2,14.3,18.0,0.6,1.8,2.3,0.063,-1.6,0.2,-1.4,0.3,Rasheed Wallace,0
225,1995-96,24.0,LAC,NBA,SG,79.0,1898.0,15.9,0.609,0.496,0.22899999999999998,2.4,8.4,5.3,18.8,2.6,0.9,15.4,18.3,3.7,1.2,4.9,0.124,1.7,0.5,2.2,2.0,Brent Barry,0
226,1995-96,31.0,POR,NBA,C,73.0,1735.0,24.7,0.617,0.14400000000000002,0.42200000000000004,9.7,28.8,19.3,13.8,1.9,3.4,15.2,25.5,4.5,3.9,8.4,0.233,3.7,2.9,6.7,3.8,Arvydas Sabonis,0
227,1995-96,23.0,BOS,NBA,SF,64.0,1470.0,13.3,0.506,0.018000000000000002,0.546,6.8,9.8,8.3,7.6,1.9,0.5,11.5,22.4,0.7,0.9,1.6,0.052000000000000005,-1.7,-1.2,-2.9,-0.3,Eric Williams,0
228,1995-96,23.0,MIA,NBA,PF,74.0,1655.0,13.5,0.5329999999999999,0.004,0.325,8.8,21.8,15.5,4.9,1.5,1.7,13.5,19.9,0.8,3.0,3.8,0.11,-2.6,0.8,-1.8,0.1,Kurt Thomas,0
229,1995-96,24.0,VAN,NBA,PF,54.0,1104.0,11.8,0.534,0.004,0.591,11.7,20.8,16.1,5.1,1.1,0.7,15.2,15.5,0.7,1.1,1.8,0.078,-3.3,-1.5,-4.8,-0.8,Ashraf Amaya,0
230,1995-96,23.0,ATL,NBA,PF,79.0,1416.0,12.9,0.48200000000000004,0.006999999999999999,0.461,13.2,16.7,14.9,5.8,1.7,2.4,14.3,19.3,0.5,1.6,2.0,0.069,-3.2,-0.9,-4.0,-0.7,Alan Henderson,0
231,1995-96,21.0,POR,NBA,PF,69.0,1219.0,12.4,0.527,0.021,0.32899999999999996,7.9,14.3,11.1,7.0,1.1,0.7,15.8,21.0,0.1,1.6,1.7,0.065,-2.6,-0.3,-2.9,-0.3,Gary Trent,0
232,1995-96,23.0,DAL,NBA,C,72.0,1266.0,9.4,0.484,0.033,0.309,8.7,18.6,13.2,6.7,0.8,1.8,15.2,14.5,0.2,0.8,1.1,0.040999999999999995,-5.2,-0.7,-5.9,-1.3,Loren Meyer,0
233,1995-96,22.0,DET,NBA,C,75.0,1305.0,14.0,0.603,0.004,0.522,10.6,16.7,13.8,1.6,0.7,7.1,16.5,12.4,1.6,2.2,3.8,0.141,-1.4,2.0,0.6,0.9,Theo Ratliff,1
234,1995-96,24.0,CHH,NBA,PG,42.0,621.0,10.4,0.536,0.439,0.317,1.5,7.0,4.2,27.4,1.4,0.0,22.6,20.3,0.2,0.1,0.3,0.021,-1.8,-2.5,-4.3,-0.3,Anthony Goldwire,0
235,1995-96,22.0,CLE,NBA,SG,79.0,1150.0,15.0,0.5,0.217,0.392,3.9,11.9,7.8,35.7,2.8,1.6,21.4,23.6,0.2,1.5,1.6,0.069,-0.7,0.8,0.1,0.6,Bob Sura,0
236,1995-96,22.0,DET,NBA,PF,69.0,997.0,12.1,0.595,0.0,0.41200000000000003,9.8,14.6,12.3,1.8,2.6,3.2,15.7,12.5,1.1,1.8,2.9,0.141,-3.3,2.6,-0.6,0.3,Don Reid,0
237,1995-96,22.0,TOR,NBA,SG,62.0,868.0,9.9,0.483,0.133,0.302,5.9,9.2,7.6,15.6,1.2,1.1,17.2,17.7,-0.1,0.1,0.0,0.0,-2.7,-2.1,-4.8,-0.6,Jimmy King,0
238,1995-96,23.0,MIL,NBA,SG,62.0,845.0,10.8,0.488,0.418,0.14400000000000002,4.0,6.8,5.4,12.7,2.0,0.4,11.9,19.1,0.2,0.3,0.5,0.027000000000000003,-1.0,-0.9,-1.9,0.0,Shawn Respert,0
239,1995-96,23.0,DAL,NBA,C,64.0,869.0,10.9,0.456,0.105,0.251,7.3,19.9,13.0,5.0,1.4,2.6,10.2,14.6,0.1,0.8,0.9,0.05,-3.8,-0.2,-3.9,-0.4,Cherokee Parks,0
240,1995-96,23.0,VAN,NBA,SG,44.0,573.0,15.7,0.52,0.223,0.304,7.1,5.3,6.2,17.4,2.7,1.1,13.6,25.8,0.1,0.4,0.6,0.047,0.9,-0.3,0.6,0.4,Lawrence Moten,0
241,1995-96,22.0,UTA,NBA,C,57.0,661.0,13.2,0.505,0.0,0.297,10.9,21.3,16.2,1.1,0.4,7.9,10.8,16.0,0.4,1.1,1.4,0.10400000000000001,-2.6,0.5,-2.1,0.0,Greg Ostertag,0
242,1995-96,22.0,SAC,NBA,SF,53.0,609.0,8.5,0.48700000000000004,0.011000000000000001,0.313,10.6,11.1,10.8,6.9,0.9,1.1,19.9,27.5,-1.1,0.3,-0.8,-0.062,-6.3,-2.9,-9.3,-1.1,Corliss Williamson,0
243,1995-96,22.0,TOT,NBA,PG,36.0,405.0,6.5,0.441,0.29,0.46,2.7,9.8,6.3,20.4,2.1,0.4,26.3,18.3,-0.7,0.5,-0.2,-0.021,-4.5,0.5,-4.0,-0.2,Terrence Rencher,0
244,1988-89,25.0,TOT,NBA,SF,33.0,258.0,15.0,0.5429999999999999,0.098,0.33299999999999996,7.1,9.6,8.3,8.1,2.5,1.2,9.3,20.7,0.4,0.3,0.7,0.134,-0.8,0.3,-0.5,0.1,Mark Davis,0
245,1995-96,21.0,PHO,NBA,SG,60.0,590.0,10.5,0.493,0.19399999999999998,0.276,5.4,14.5,10.0,11.4,0.9,0.6,14.1,21.4,-0.1,0.3,0.3,0.021,-3.4,-1.8,-5.2,-0.5,Chris Carr,0
246,1995-96,23.0,IND,NBA,PG,59.0,571.0,11.5,0.545,0.153,0.552,2.5,7.0,4.8,26.8,1.9,0.4,23.7,21.4,0.2,0.5,0.7,0.057,-1.9,-0.4,-2.2,0.0,Travis Best,0
247,1995-96,22.0,CHI,NBA,PF,57.0,545.0,7.9,0.474,0.006,0.42,10.9,12.8,11.9,6.3,1.2,1.0,20.0,19.4,-0.4,0.8,0.4,0.038,-6.1,-1.1,-7.1,-0.7,Jason Caffey,0
248,1995-96,22.0,SAS,NBA,PG,60.0,560.0,8.7,0.506,0.426,0.161,1.9,6.3,4.2,31.6,2.5,0.3,29.1,18.8,-0.5,0.7,0.2,0.021,-4.2,-0.1,-4.3,-0.3,Cory Alexander,0
249,1995-96,22.0,SEA,NBA,PG,43.0,389.0,10.7,0.473,0.1,0.49,2.9,9.9,6.5,28.2,3.7,0.0,23.8,18.3,-0.2,0.7,0.5,0.061,-4.0,1.6,-2.4,0.0,Eric Snow,1
250,1995-96,23.0,MIN,NBA,SG,41.0,362.0,7.8,0.447,0.314,0.34299999999999997,1.7,6.6,4.1,20.8,3.0,1.1,22.0,19.0,-0.5,0.3,-0.3,-0.033,-4.3,-0.2,-4.6,-0.2,Jerome Allen,0
251,1995-96,23.0,BOS,NBA,PF,61.0,495.0,9.0,0.44799999999999995,0.0,0.547,9.9,14.8,12.3,4.6,1.5,1.4,15.9,21.8,-0.6,0.4,-0.2,-0.018000000000000002,-5.5,-2.0,-7.5,-0.7,Junior Burrough,0
252,1995-96,23.0,DET,NBA,SF,49.0,372.0,9.0,0.43200000000000005,0.1,0.35600000000000004,10.1,15.0,12.7,6.5,1.5,1.7,14.0,15.5,-0.1,0.5,0.4,0.053,-3.1,0.1,-3.0,-0.1,Lou Roe,0
253,1995-96,25.0,MIN,NBA,PF,53.0,369.0,9.8,0.475,0.0,0.342,12.3,13.3,12.8,3.6,2.4,1.7,15.8,19.7,-0.3,0.3,0.1,0.012,-4.6,-1.0,-5.6,-0.3,Marques Bragg,0
254,1995-96,25.0,TOT,NBA,C,33.0,151.0,7.0,0.41600000000000004,0.0,0.195,8.2,13.8,10.9,3.0,0.7,2.5,6.3,14.0,0.0,0.1,0.1,0.035,-5.4,-1.5,-6.9,-0.2,Todd Mundt,0
255,1994-95,22.0,DET,NBA,SF,70.0,2678.0,19.0,0.541,0.025,0.48,5.4,14.1,9.7,22.5,2.4,1.7,13.5,24.9,3.7,1.8,5.4,0.09699999999999999,2.1,-0.1,2.0,2.7,Grant Hill,0
256,1994-95,22.0,MIL,NBA,SF,80.0,2958.0,16.6,0.5379999999999999,0.19,0.354,6.7,14.4,10.4,12.2,2.0,0.6,16.1,29.1,1.1,2.2,3.2,0.053,0.6,-1.5,-0.9,0.8,Glenn Robinson,0
257,1994-95,21.0,WSB,NBA,PF,65.0,2348.0,15.0,0.521,0.008,0.314,8.7,18.4,13.4,11.6,1.1,0.5,13.5,22.8,1.3,1.5,2.8,0.057,-0.7,-1.5,-2.2,-0.1,Juwan Howard,0
258,1994-95,21.0,DAL,NBA,PG,79.0,2668.0,15.1,0.47100000000000003,0.3,0.321,5.8,11.9,8.7,33.2,2.9,0.6,20.4,19.0,1.1,2.6,3.7,0.066,0.6,0.6,1.2,2.0,Jason Kidd,1
259,1994-95,21.0,LAC,NBA,SF,81.0,2556.0,11.6,0.47200000000000003,0.19899999999999998,0.242,5.7,10.9,8.1,8.7,1.4,1.6,11.9,23.4,-1.4,1.1,-0.3,-0.006,-1.5,-2.0,-3.4,-0.9,Lamond Murray,0
260,1994-95,23.0,LAL,NBA,SG,64.0,1981.0,16.3,0.5479999999999999,0.331,0.22699999999999998,4.4,9.5,7.0,9.9,3.3,1.4,8.4,19.4,2.9,2.1,5.0,0.122,1.0,1.3,2.3,2.1,Eddie Jones,1
261,1994-95,23.0,BOS,NBA,C,78.0,2315.0,12.1,0.565,0.002,0.457,9.6,18.7,14.1,2.3,0.6,1.8,14.0,15.0,2.3,1.8,4.1,0.084,-1.9,-1.1,-3.0,-0.6,Eric Montross,0
262,1994-95,21.0,TOT,NBA,SF,72.0,2086.0,12.5,0.465,0.27699999999999997,0.253,7.6,15.0,11.3,8.6,1.1,3.0,10.6,22.9,-0.9,1.2,0.3,0.006999999999999999,-1.6,-1.6,-3.2,-0.7,Donyell Marshall,0
263,1994-95,22.0,SAC,NBA,PF,80.0,2289.0,16.5,0.546,0.005,0.449,10.7,19.5,15.2,7.4,1.1,3.8,14.4,22.0,1.9,3.4,5.3,0.11199999999999999,-0.8,0.6,-0.2,1.0,Brian Grant,0
264,1994-95,22.0,PHI,NBA,C,79.0,2044.0,14.0,0.502,0.01,0.363,10.8,16.1,13.5,4.1,1.0,3.7,14.4,23.0,-0.2,1.9,1.7,0.04,-2.5,-1.2,-3.7,-0.9,Sharone Wright,0
265,1994-95,23.0,PHO,NBA,SG,78.0,1800.0,14.2,0.596,0.41700000000000004,0.158,4.3,8.6,6.4,8.6,1.3,1.0,10.4,18.3,3.0,0.8,3.8,0.10099999999999999,1.3,-1.3,0.0,0.9,Wesley Person,0
266,1994-95,22.0,GSW,NBA,C,66.0,1494.0,11.5,0.49,0.018000000000000002,0.39,14.7,21.4,18.0,4.4,1.1,1.8,16.3,15.4,0.1,1.2,1.3,0.043,-3.0,-1.4,-4.3,-0.9,Clifford Rozier,0
267,1994-95,22.0,DEN,NBA,SF,81.0,1798.0,15.1,0.55,0.228,0.46799999999999997,3.9,10.4,7.2,33.3,1.9,0.9,21.0,19.1,2.4,1.5,3.8,0.10300000000000001,0.7,-0.2,0.5,1.1,Jalen Rose,0
268,1994-95,22.0,MIA,NBA,PG,67.0,1462.0,16.9,0.561,0.368,0.42200000000000004,4.1,11.0,7.5,30.2,2.7,0.5,19.3,20.6,2.1,1.4,3.5,0.115,1.8,0.1,1.9,1.4,Khalid Reeves,0
269,1989-90,24.0,BOS,NBA,PF,65.0,620.0,14.2,0.52,0.098,0.22399999999999998,7.5,10.2,8.9,18.6,0.7,0.1,14.7,25.0,0.3,0.4,0.7,0.055,-0.8,-2.5,-3.3,-0.2,Michael Smith,0
270,1994-95,23.0,GSW,NBA,C,49.0,1017.0,14.3,0.542,0.040999999999999995,0.429,11.7,18.7,15.1,5.8,1.1,3.5,17.2,20.3,0.1,0.8,0.9,0.045,-2.3,-1.1,-3.3,-0.3,Carlos Rogers,0
271,1994-95,27.0,NJN,NBA,PG,53.0,1021.0,11.2,0.495,0.44799999999999995,0.262,1.5,5.9,3.7,33.8,2.1,0.2,19.6,16.7,0.5,0.8,1.2,0.057999999999999996,-1.9,-0.3,-2.2,-0.1,Chris Childs,0
272,1994-95,22.0,POR,NBA,SG,45.0,827.0,13.3,0.5,0.107,0.28,4.6,13.5,8.8,15.9,2.2,1.4,11.7,17.0,0.8,1.2,2.0,0.115,-1.4,1.7,0.3,0.5,Aaron McKie,0
273,1994-95,22.0,GSW,NBA,SG,37.0,672.0,12.9,0.52,0.063,0.395,3.9,7.8,5.8,23.1,2.0,0.1,17.9,20.0,0.2,0.2,0.4,0.032,-1.4,-1.1,-2.4,-0.1,Ryan Lorthridge,0
274,1994-95,22.0,PHI,NBA,C,64.0,1032.0,11.6,0.48100000000000004,0.016,0.465,11.0,13.8,12.4,5.1,2.0,2.5,14.6,15.7,0.0,1.0,1.0,0.045,-2.5,-0.1,-2.6,-0.2,Derrick Alston,0
275,1994-95,25.0,WSB,NBA,SF,62.0,982.0,9.2,0.493,0.005,0.395,5.0,15.3,10.0,9.9,2.4,0.8,18.5,13.5,-0.2,0.9,0.6,0.03,-3.8,0.7,-3.1,-0.3,Anthony Tucker,0
276,1994-95,23.0,BOS,NBA,SG,63.0,945.0,14.7,0.562,0.04,0.259,5.9,10.9,8.4,10.9,1.7,1.2,11.6,17.4,1.4,0.6,2.1,0.106,0.0,0.1,0.2,0.5,Greg Minor,0
277,1994-95,24.0,LAC,NBA,SG,81.0,1208.0,13.9,0.5589999999999999,0.434,0.252,5.8,7.3,6.5,10.6,1.6,0.9,11.1,20.5,1.6,0.4,2.0,0.079,0.8,-1.3,-0.5,0.4,Eric Piatkowski,0
278,1994-95,23.0,PHI,NBA,PG,55.0,809.0,8.5,0.462,0.27,0.265,1.9,7.1,4.5,32.8,2.3,0.2,31.5,17.0,-1.2,0.5,-0.7,-0.039,-3.2,-1.9,-5.0,-0.6,B.J. Tyler,0
279,1994-95,24.0,MIL,NBA,C,46.0,587.0,14.3,0.593,0.015,0.341,10.9,20.7,15.7,5.7,0.7,3.4,13.7,13.3,0.8,0.5,1.3,0.107,-0.8,-0.3,-1.2,0.1,Eric Mobley,0
280,1994-95,23.0,NYK,NBA,SF,41.0,503.0,8.4,0.45799999999999996,0.06,0.28600000000000003,10.2,12.6,11.4,15.3,2.1,0.6,21.5,17.4,-0.5,0.8,0.3,0.032,-4.9,1.1,-3.8,-0.2,Monty Williams,0
281,1994-95,23.0,LAL,NBA,PF,46.0,527.0,14.7,,,,14.1,17.8,15.9,9.6,1.9,0.9,,16.6,0.6,0.6,1.2,0.111,-1.3,-0.8,-2.1,0.0,Anthony Miller,0
282,1994-95,22.0,TOT,NBA,PG,49.0,552.0,6.1,0.43,0.303,0.32799999999999996,2.7,7.8,5.3,26.4,1.7,0.8,26.4,15.6,-0.7,0.2,-0.5,-0.044000000000000004,-5.3,-1.4,-6.8,-0.7,Howard Eisley,0
283,1994-95,22.0,DET,NBA,PF,53.0,595.0,9.0,0.47700000000000004,0.0,0.26899999999999996,10.6,13.9,12.2,6.2,1.8,2.6,14.3,13.2,0.1,0.4,0.5,0.042,-5.0,-0.2,-5.2,-0.5,Bill Curley,0
284,1994-95,22.0,UTA,NBA,SF,60.0,673.0,9.6,0.552,0.125,0.368,3.1,10.2,6.9,12.4,2.7,1.3,22.4,15.3,-0.1,0.9,0.8,0.055,-3.1,1.6,-1.6,0.1,Jamie Watson,0
285,1994-95,22.0,DAL,NBA,SG,58.0,613.0,8.8,0.465,0.292,0.308,5.3,5.6,5.5,14.2,1.1,0.4,15.0,22.5,-0.2,0.2,0.0,0.0,-3.2,-1.5,-4.8,-0.4,Tony Dumas,0
286,1994-95,22.0,CHI,NBA,PF,59.0,586.0,11.0,,,,12.1,18.3,15.2,9.4,0.9,0.9,,19.8,-0.1,0.8,0.7,0.057999999999999996,-3.6,-1.4,-4.9,-0.4,Dickey Simpkins,0
287,1994-95,22.0,WSB,NBA,C,55.0,534.0,10.0,0.539,0.0,0.5770000000000001,8.3,14.5,11.3,2.5,1.0,7.9,17.6,8.8,0.3,0.6,0.8,0.07400000000000001,-4.4,2.0,-2.3,0.0,Jim McIlvaine,0
288,1994-95,23.0,GSW,NBA,PG,41.0,395.0,11.0,0.502,0.19399999999999998,0.659,5.8,10.5,8.1,6.7,1.4,2.6,14.0,20.7,0.0,0.2,0.2,0.025,-2.5,-0.9,-3.5,-0.1,Dwayne Morton,0
